北品川１丁目,4162
北品川２丁目,1391
北品川３丁目,4150
北品川４丁目,3478
北品川５丁目,15445
北品川６丁目,5169
東品川１丁目,5295
東品川２丁目,23824
東品川３丁目,5859
東品川４丁目,25866
東品川５丁目,795
南品川１丁目,692
南品川２丁目,3313
南品川３丁目,1346
南品川４丁目,1500
南品川５丁目,1671
南品川６丁目,1177
西品川１丁目,9551
西品川２丁目,403
西品川３丁目,659
広町１丁目,2084
広町２丁目,2845
上大崎１丁目,445
上大崎２丁目,11242
上大崎３丁目,7477
上大崎４丁目,2420
東五反田１丁目,11809
東五反田２丁目,17144
東五反田３丁目,1991
東五反田４丁目,1244
東五反田５丁目,7124
西五反田１丁目,9435
西五反田２丁目,14794
西五反田３丁目,6516
西五反田４丁目,2724
西五反田５丁目,3199
西五反田６丁目,703
西五反田７丁目,12122
西五反田８丁目,4049
大崎１丁目,38093
大崎２丁目,17504
大崎３丁目,2272
大崎４丁目,2193
大崎５丁目,2826
東大井１丁目,2745
東大井２丁目,2436
東大井３丁目,761
東大井４丁目,465
東大井５丁目,5261
東大井６丁目,1685
南大井１丁目,754
南大井２丁目,477
南大井３丁目,3230
南大井４丁目,964
南大井５丁目,1143
南大井６丁目,26620
勝島１丁目,12281
勝島２丁目,647
勝島３丁目,87
大井１丁目,13371
大井２丁目,449
大井３丁目,526
大井４丁目,1382
大井５丁目,886
大井６丁目,300
大井７丁目,402
西大井１丁目,1573
西大井２丁目,710
西大井３丁目,101
西大井４丁目,382
西大井５丁目,510
西大井６丁目,1011
小山台１丁目,684
小山台２丁目,45
小山１丁目,920
小山２丁目,607
小山３丁目,2843
小山４丁目,730
小山５丁目,534
小山６丁目,1017
小山７丁目,156
荏原１丁目,864
荏原２丁目,887
荏原３丁目,966
荏原４丁目,1442
荏原５丁目,513
荏原６丁目,805
荏原７丁目,185
平塚１丁目,1278
平塚２丁目,2171
平塚３丁目,602
旗の台１丁目,4937
旗の台２丁目,1320
旗の台３丁目,639
旗の台４丁目,754
旗の台５丁目,824
旗の台６丁目,578
中延１丁目,461
中延２丁目,796
中延３丁目,607
中延４丁目,914
中延５丁目,1115
中延６丁目,693
西中延１丁目,846
西中延２丁目,790
西中延３丁目,153
東中延１丁目,492
東中延２丁目,791
戸越１丁目,1607
戸越２丁目,339
戸越３丁目,538
戸越４丁目,448
戸越５丁目,1440
戸越６丁目,1296
豊町１丁目,412
豊町２丁目,311
豊町３丁目,107
豊町４丁目,555
豊町５丁目,204
豊町６丁目,435
二葉１丁目,1212
二葉２丁目,785
二葉３丁目,335
二葉４丁目,737
八潮１丁目,314
八潮２丁目,1612
八潮３丁目,5538
八潮４丁目,28
八潮５丁目,2044
東八潮,28
豊洲６丁目,
北砂１丁目,
北砂２丁目,
北砂３丁目,
北砂４丁目,
北砂５丁目,
北砂６丁目,
北砂７丁目,
夢の島１丁目,
夢の島２丁目,
夢の島３丁目,
毛利１丁目,
毛利２丁目,
木場１丁目,
木場２丁目,
木場３丁目,
木場４丁目,
木場５丁目,
木場６丁目,
門前仲町１丁目,
門前仲町２丁目,
有明１丁目,
有明２丁目,
有明３丁目,
有明４丁目,
海の森,
