三軒茶屋１丁目,4362
三軒茶屋２丁目,5454
三宿１丁目,1181
三宿２丁目,842
八幡山１丁目,497
八幡山２丁目,861
八幡山３丁目,813
宇奈根１丁目,340
宇奈根２丁目,415
宇奈根３丁目,72
羽根木１丁目,512
羽根木２丁目,191
奥沢１丁目,461
奥沢２丁目,814
奥沢３丁目,1098
奥沢４丁目,447
奥沢５丁目,2066
奥沢６丁目,1051
奥沢７丁目,916
奥沢８丁目,431
岡本１丁目,465
岡本２丁目,412
岡本３丁目,348
下馬１丁目,914
下馬２丁目,940
下馬３丁目,621
下馬４丁目,328
下馬５丁目,306
下馬６丁目,727
鎌田１丁目,152
鎌田２丁目,613
鎌田３丁目,830
鎌田４丁目,546
喜多見１丁目,840
喜多見２丁目,222
喜多見３丁目,597
喜多見４丁目,205
喜多見５丁目,468
喜多見６丁目,209
喜多見７丁目,752
喜多見８丁目,1137
喜多見９丁目,1663
砧１丁目,1645
砧２丁目,611
砧３丁目,769
砧４丁目,346
砧５丁目,812
砧６丁目,926
砧７丁目,169
砧８丁目,544
砧公園,110
宮坂１丁目,568
宮坂２丁目,888
宮坂３丁目,2067
給田１丁目,260
給田２丁目,233
給田３丁目,745
給田４丁目,449
給田５丁目,579
玉川１丁目,12175
玉川２丁目,5739
玉川３丁目,6426
玉川４丁目,722
玉川台１丁目,677
玉川台２丁目,1781
玉川田園調布１丁目,327
玉川田園調布２丁目,605
玉堤１丁目,1671
玉堤２丁目,400
駒沢１丁目,2845
駒沢２丁目,1911
駒沢３丁目,773
駒沢４丁目,549
駒沢５丁目,852
駒沢公園,132
経堂１丁目,2634
経堂２丁目,2154
経堂３丁目,177
経堂４丁目,688
経堂５丁目,1573
弦巻１丁目,750
弦巻２丁目,475
弦巻３丁目,791
弦巻４丁目,1198
弦巻５丁目,464
豪徳寺１丁目,1387
豪徳寺２丁目,229
桜１丁目,246
桜２丁目,524
桜３丁目,1248
桜丘１丁目,553
桜丘２丁目,984
桜丘３丁目,556
桜丘４丁目,567
桜丘５丁目,1609
桜上水１丁目,347
桜上水２丁目,312
桜上水３丁目,1286
桜上水４丁目,439
桜上水５丁目,1118
桜新町１丁目,4227
桜新町２丁目,3226
若林１丁目,1506
若林２丁目,425
若林３丁目,707
若林４丁目,1199
若林５丁目,500
松原１丁目,2030
松原２丁目,2847
松原３丁目,1697
松原４丁目,269
松原５丁目,1100
松原６丁目,2293
上祖師谷１丁目,279
上祖師谷２丁目,158
上祖師谷３丁目,140
上祖師谷４丁目,432
上祖師谷５丁目,669
上祖師谷６丁目,262
上祖師谷７丁目,246
上馬１丁目,571
上馬２丁目,1386
上馬３丁目,609
上馬４丁目,1351
上馬５丁目,673
上北沢１丁目,524
上北沢２丁目,1748
上北沢３丁目,639
上北沢４丁目,1339
上北沢５丁目,1431
上野毛１丁目,1008
上野毛２丁目,555
上野毛３丁目,285
上野毛４丁目,651
上用賀１丁目,802
上用賀２丁目,438
上用賀３丁目,283
上用賀４丁目,395
上用賀５丁目,789
上用賀６丁目,1515
新町１丁目,674
新町２丁目,1095
新町３丁目,712
深沢１丁目,616
深沢２丁目,368
深沢３丁目,368
深沢４丁目,720
深沢５丁目,1139
深沢６丁目,246
深沢７丁目,798
深沢８丁目,359
世田谷１丁目,1883
世田谷２丁目,909
世田谷３丁目,769
世田谷４丁目,4380
瀬田１丁目,451
瀬田２丁目,608
瀬田３丁目,297
瀬田４丁目,1448
瀬田５丁目,507
成城１丁目,1330
成城２丁目,1949
成城３丁目,662
成城４丁目,102
成城５丁目,387
成城６丁目,5068
成城７丁目,188
成城８丁目,1078
成城９丁目,494
赤堤１丁目,511
赤堤２丁目,413
赤堤３丁目,525
赤堤４丁目,1171
赤堤５丁目,600
千歳台１丁目,563
千歳台２丁目,612
千歳台３丁目,1339
千歳台４丁目,498
千歳台５丁目,649
千歳台６丁目,515
船橋１丁目,1592
船橋２丁目,573
船橋３丁目,233
船橋４丁目,663
船橋５丁目,834
船橋６丁目,1307
船橋７丁目,578
祖師谷１丁目,536
祖師谷２丁目,170
祖師谷３丁目,1998
祖師谷４丁目,372
祖師谷５丁目,157
祖師谷６丁目,212
太子堂１丁目,3292
太子堂２丁目,2187
太子堂３丁目,667
太子堂４丁目,7837
太子堂５丁目,774
代沢１丁目,355
代沢２丁目,707
代沢３丁目,600
代沢４丁目,623
代沢５丁目,1545
代田１丁目,811
代田２丁目,417
代田３丁目,684
代田４丁目,520
代田５丁目,824
代田６丁目,664
大原１丁目,800
大原２丁目,921
大蔵１丁目,1124
大蔵２丁目,346
大蔵３丁目,52
大蔵４丁目,162
大蔵５丁目,220
大蔵６丁目,241
池尻１丁目,2257
池尻２丁目,1884
池尻３丁目,5094
池尻４丁目,480
中町１丁目,73
中町２丁目,1002
中町３丁目,535
中町４丁目,443
中町５丁目,581
東玉川１丁目,307
東玉川２丁目,1107
等々力１丁目,542
等々力２丁目,1277
等々力３丁目,1336
等々力４丁目,1440
等々力５丁目,672
等々力６丁目,1412
等々力７丁目,998
等々力８丁目,776
南烏山１丁目,899
南烏山２丁目,896
南烏山３丁目,460
南烏山４丁目,1816
南烏山５丁目,2097
南烏山６丁目,3389
梅丘１丁目,1619
梅丘２丁目,258
梅丘３丁目,250
粕谷１丁目,1039
粕谷２丁目,652
粕谷３丁目,604
粕谷４丁目,499
尾山台１丁目,457
尾山台２丁目,299
尾山台３丁目,1049
北烏山１丁目,646
北烏山２丁目,755
北烏山３丁目,552
北烏山４丁目,320
北烏山５丁目,252
北烏山６丁目,874
北烏山７丁目,547
北烏山８丁目,627
北烏山９丁目,553
北沢１丁目,976
北沢２丁目,7175
北沢３丁目,772
北沢４丁目,343
北沢５丁目,439
野沢１丁目,412
野沢２丁目,596
野沢３丁目,737
野沢４丁目,673
野毛１丁目,208
野毛２丁目,522
野毛３丁目,112
用賀１丁目,826
用賀２丁目,3568
用賀３丁目,716
用賀４丁目,9422
